{
  "n_samples": 1895,
  "n_variants_pass": 306,
  "n_syn": 128,
  "n_nonsyn": 176,
  "n_stop": 2,
  "ns_ratio_counts": 1.375,
  "by_domain": {
    "IVP": {
      "size_codons": 269,
      "syn": 11,
      "nonsyn": 68,
      "stop": 1,
      "total": 80,
      "ns_ratio": 6.181818181818182,
      "snp_per_100aa": 29.739776951672862
    },
    "ICP": {
      "size_codons": 685,
      "syn": 27,
      "nonsyn": 28,
      "stop": 0,
      "total": 55,
      "ns_ratio": 1.037037037037037,
      "snp_per_100aa": 8.02919708029197
    },
    "Cterm": {
      "size_codons": 1771,
      "syn": 90,
      "nonsyn": 80,
      "stop": 1,
      "total": 171,
      "ns_ratio": 0.8888888888888888,
      "snp_per_100aa": 9.655561829474873
    }
  },
  "common_ge_0.01": {
    "nonsyn": 49,
    "syn": 21,
    "stop": 0
  },
  "common_ge_0.05": {
    "nonsyn": 18,
    "syn": 7,
    "stop": 0
  }
}